CS20006, dsamanta
17CS10001,Aaryan Bhagat
17CS10002,Adepu Vivek Vardhan
17CS10003,Akash Tiwari
17CS10004,Aloori Rakshith
17CS10005,Anshul Choudhary
17CS10006,Ayush Kaushal
17CS10007,Ayush Kumar
17CS10008,Bedant Agarwal
17CS10009,Bhukya Rahul
17CS10010,Bolisetti Bhanuteja
17CS10011,Chaitanya Nitin Bhutada
17CS10012,Divyang Mittal
17CS10013,Gorantla Jayanth Harsha
17CS10014,Harshit Soora
17CS10015,Jeethender Naik Gugulothu
17CS10016,Jyoti Agrawal
17CS10017,Jyotisman Das
17CS10018,Kartik Saini
17CS10019,Kashameni Varun Raj
17CS10020,Kodi Balamurali Krishnudu
17CS10021,Kothapalli Sandeep
17CS10022,Kumar Abhishek
17CS10023,Kushagra Kumar Varma
17CS10024,Kusumanchi Venkata Rama Krishna Vivek
17CS10025,Madine Manas
17CS10026,Mallula Rajesh
17CS10027,Moganti Venkata Sai Yeshwanth
17CS10028,Nandyala Avinash
17CS10029,Neel Manish Karia
17CS10030,Nikhil Shah
17CS10031,Nilesh Mandal
17CS10032,Pedavegi Sasinandan
17CS10033,Pittu Madhusudhan Reddy
17CS10034,Potnuru Nikhil Aravinda Sai
17CS10035,Prabhpreet Singh Sodhi
17CS10036,Prakhar Bindal
17CS10037,Prakhar Sharma
17CS10038,Prashant Ramnani
17CS10039,Prashant Shishodia
17CS10040,Pravesh Jain
17CS10041,Rajdeep Mondal
17CS10042,Rathin Singha
17CS10043,Rithin Manoj.A
17CS10044,Ritik Kumar
17CS10045,Robin Babu Padamadan
17CS10046,Rohan Henry Ekka
17CS10047,Sahil Singh
17CS10048,Satyam Porwal
17CS10049,Shata Manendra
17CS10050,Shivang Gupta
17CS10051,Siddana Saiteja
17CS10052,Sourav Kumar Jena
17CS10053,Tallapally Maniteja
17CS10054,Thatha Narasimha Nikhil
17CS10055,Thati Sindhu
17CS10056,Ayush Tiwari
17CS10057,Soumen Dutta
17CS10058,Gurjot Singh Suri
17CS10059,Koustav Chowdhury
17CS10060,Aditya Sawant
17CS10061,Rajat Kumar Jenamani
17CS30001,Abhik Naskar
17CS30002,Adhikansh Singh
17CS30003,Alpesh Kaushal
17CS30004,Ankit Saurabh
17CS30005,Anshul Goel
17CS30006,Anunay Sharma
17CS30007,Apoorve Singhal
17CS30008,Arnab Maiti
17CS30009,Bagde Ankit
17CS30010,Bajaru Sashank Srivardhan
17CS30011,Deepank Agrawal
17CS30012,Dewang Modi
17CS30013,Gaurav Goyal
17CS30014,Gurram Vasu
17CS30015,Hariyala Omkara Naga Sai Varshith
17CS30016,Harsh Pritam Sanapala
17CS30017,Imandi Deepak
17CS30018,Kanishk Singh
17CS30019,Karanam  Tejendhar
17CS30020,Koukuntla Snehal Reddy
17CS30021,Kshitiz Sharma
17CS30022,M Kousshik Raj
17CS30023,Naimesh Pramanik
17CS30024,Nari Rohini
17CS30025,Pericherla Amshumaan Varma
17CS30026,Praagy Rastogi
17CS30027,Ritikesh Gupta
17CS30028,Rohit
17CS30029,Rohit Pathak
17CS30030,Sanket Rajendra Meshram
17CS30031,Sashank Bonda
17CS30032,Shamin Aggarwal
17CS30033,Shivam Kumar Jha
17CS30034,Shrey Shrivastava
17CS30035,Siddhant Agarwal
17CS30036,Veldi Shiva Kumar
17CS30037,Venktesh Shrimant Lagaskar
17CS30038,Yash Parag Butala
17CS30039,Yash Raj Gupta
17CS30040,Yogesh Kumar
17CS30041,Aadarsh Sahoo
17CS30042,Amatya Sharma
17CS30043,Faraaz Rahman Mallick
17CS30044,Udit Dharmin Desai
